[
    {
        "Name": "RuntimePackage",
        "Description": "Internal implementation package not meant for direct consumption.  Please do not reference directly.",
        "CommonTypes": [ ]
    },
    {
        "Name": "NuGet3MinVersion",
        "Description": "When using NuGet 3.x this package requires at least version {0}.",
        "CommonTypes": [ ]
    },
    {
        "Name": "System.Private.ServiceModel",
        "Description": "Internal implementation package not meant for direct consumption.  Please do not reference directly.  Provides implementation of System.ServiceModel packages.",
        "CommonTypes": [ ]
    },
    {
        "Name": "System.ServiceModel.Duplex",
        "Description": "Provides classes for consuming and communicating with duplex services.",
        "CommonTypes": [
            "System.ServiceModel.DuplexClientBase<TChannel>",
            "System.ServiceModel.InstanceContext"
        ]
    },
    {
        "Name": "System.ServiceModel.Http",
        "Description": "Provides classes that allow applications to consume HTTP and WebSocket web services. Use the System.ServiceModel.BasicHttpBinding class for communication with ASMX-based web services and other services that conform to the WS-I Basic Profile 1.1. Whereas, use the System.ServiceModel.NetHttpBinding class for communication with .NET-based WebSocket services.",
        "CommonTypes": [
            "System.ServiceModel.BasicHttpBinding",
            "System.ServiceModel.Channels.HttpRequestMessageProperty",
            "System.ServiceModel.Channels.HttpResponseMessageProperty",
            "System.ServiceModel.Channels.HttpTransportBindingElement",
            "System.ServiceModel.Channels.HttpsTransportBindingElement",
            "System.ServiceModel.HttpClientCredentialType",
            "System.ServiceModel.BasicHttpSecurityMode",
            "System.ServiceModel.HttpTransportSecurity",
            "System.ServiceModel.BasicHttpMessageCredentialType",
            "System.ServiceModel.HttpBindingBase"
        ]
    },
    {
        "Name": "System.ServiceModel.NetTcp",
        "Description": "Provides types for consuming and communicating with WCF services over the Transmission Control Protocol (TCP).",
        "CommonTypes": [
            "System.ServiceModel.NetTcpBinding",
            "System.ServiceModel.NetTcpSecurity"
        ]
    },
    {
        "Name": "System.ServiceModel.Primitives",
        "Description": "Provides common Windows Communication Foundation (WCF) types for consuming and communicating with services.",
        "CommonTypes": [
            "System.ServiceModel.ClientBase<TChannel>",
            "System.ServiceModel.IClientChannel",
            "System.ServiceModel.ICommunicationObject",
            "System.ServiceModel.Channels.IChannel",
            "System.ServiceModel.IContextChannel",
            "System.ServiceModel.IExtensibleObject<T>",
            "System.ServiceModel.DataContractFormatAttribute",
            "System.ServiceModel.Description.IOperationBehavior",
            "System.ServiceModel.Channels.Message",
            "System.ServiceModel.FaultException<TDetail>"
        ]
    },
    {
        "Name": "System.ServiceModel.Security",
        "Description": "Provides common security types for consuming and communicating with services.",
        "CommonTypes": [
            "System.ServiceModel.DnsEndpointIdentity",
            "System.ServiceModel.MessageSecurityVersion",
            "System.ServiceModel.UpnEndpointIdentity",
            "System.ServiceModel.SpnEndpointIdentity"
        ]
    }
]
