{
  "Packages": {
    "System.Private.ServiceModel": {
      "StableVersions": [
        "4.0.0",
        "4.1.0"
      ],
      "BaselineVersion": "4.4.0",
      "AssemblyVersionInPackageVersion": {
        "4.1.1.0": "4.4.0",
        "4.1.0.0": "4.4.0"
      }
    },
    "System.ServiceModel.Duplex": {
      "StableVersions": [
        "4.0.0",
        "4.0.1"
      ],
      "BaselineVersion": "4.4.0",
      "AssemblyVersionInPackageVersion": {
        "4.0.0.0": "4.0.0",
        "4.0.1.0": "4.0.1",
        "4.0.2.0": "4.4.0"
      }
    },
    "System.ServiceModel.Http": {
      "StableVersions": [
        "3.9.0",
        "4.0.0",
        "4.0.10",
        "4.1.0"
      ],
      "BaselineVersion": "4.4.0",
      "AssemblyVersionInPackageVersion": {
        "3.9.0.0": "3.9.0",
        "4.0.0.0": "4.0.0",
        "4.0.10.0": "4.0.10",
        "4.1.0.0": "4.1.0",
        "4.1.1.0": "4.4.0"
      }
    },
    "System.ServiceModel.NetTcp": {
      "StableVersions": [
        "4.0.0",
        "4.1.0"
      ],
      "BaselineVersion": "4.4.0",
      "AssemblyVersionInPackageVersion": {
        "4.0.0.0": "4.0.0",
        "4.1.0.0": "4.1.0",
        "4.1.1.0": "4.4.0"
      }
    },
    "System.ServiceModel.Primitives": {
      "StableVersions": [
        "3.9.0",
        "4.0.0",
        "4.1.0"
      ],
      "BaselineVersion": "4.4.0",
      "AssemblyVersionInPackageVersion": {
        "3.9.0.0": "3.9.0",
        "4.0.0.0": "4.0.0",
        "4.1.0.0": "4.1.0",
        "4.1.1.0": "4.1.1",
        "4.2.0.0": "4.4.0"
      }
    },
    "System.ServiceModel.Security": {
      "StableVersions": [
        "3.9.0",
        "4.0.0",
        "4.0.1"
      ],
      "BaselineVersion": "4.4.0",
      "AssemblyVersionInPackageVersion": {
        "3.9.0.0": "3.9.0",
        "4.0.0.0": "4.0.0",
        "4.0.1.0": "4.0.1",
        "4.0.2.0": "4.4.0"
      }
    }
  },
  "ModulesToPackages": {}
}